date,aqi_mean,aqi_max,aqi_min,pm2_5_mean,pm10_mean,no2_mean,o3_mean,co_mean,so2_mean,month,month_name,season,aqi_7day_avg,aqi_30day_avg,is_bad_day,aqi_category
2025-04-26,3.473684210526316,4.0,3.0,25.69,51.64052631578947,4.598947368421053,126.59368421052632,297.0447368421053,4.527894736842105,4,Apr,Spring,3.47,3.47,0,Moderate
2025-04-27,3.2083333333333335,5.0,2.0,26.99291666666667,45.92124999999999,4.9750000000000005,113.07875,365.4508333333333,4.742500000000001,4,Apr,Spring,3.34,3.34,0,Moderate
2025-04-28,3.4166666666666665,5.0,3.0,28.914583333333336,47.22833333333333,7.1933333333333325,109.1725,486.7183333333333,4.27625,4,Apr,Spring,3.37,3.37,0,Moderate
2025-04-29,3.5,5.0,3.0,37.03625,61.74625,6.239166666666667,116.85625,400.3670833333333,6.5495833333333335,4,Apr,Spring,3.4,3.4,0,Moderate
2025-04-30,4.041666666666667,5.0,3.0,50.60541666666666,78.00875,3.9149999999999996,148.22083333333333,362.49625,8.922916666666667,4,Apr,Spring,3.53,3.53,1,Poor
2025-05-01,4.166666666666667,5.0,4.0,61.23208333333333,80.65458333333333,3.9225,155.58208333333332,410.27791666666667,10.487499999999999,5,May,Spring,3.63,3.63,1,Poor
2025-05-02,3.847223381201426,5.0,3.0,48.22625,60.215,4.807083333333334,136.91083333333333,470.29625000000004,10.9225,5,May,Spring,3.66,3.66,0,Poor
2025-05-03,3.7083333333333335,4.0,3.0,50.105,66.6275,3.34,130.11666666666667,417.145,4.54875,5,May,Spring,3.7,3.67,0,Poor
2025-05-04,3.375,4.0,3.0,45.54708333333334,56.24916666666667,6.4070833333333335,97.32333333333334,547.5545833333333,3.4879166666666666,5,May,Spring,3.72,3.64,0,Moderate
2025-05-05,3.625,5.0,3.0,49.931666666666665,70.73875,6.264583333333333,101.32833333333333,513.5225,3.6612500000000003,5,May,Spring,3.75,3.64,0,Poor
2025-05-06,3.2916666666666665,4.0,3.0,47.47833333333333,71.53208333333333,5.914166666666667,97.86291666666666,455.065,5.217083333333333,5,May,Spring,3.72,3.6,0,Moderate
2025-05-07,3.4166666666666665,4.0,3.0,44.92416666666667,60.08208333333334,5.332916666666667,114.6125,467.00499999999994,5.462083333333333,5,May,Spring,3.63,3.59,0,Moderate
2025-05-08,3.3333333333333335,4.0,3.0,34.5775,48.682500000000005,6.998333333333334,108.79833333333333,521.2820833333334,4.200833333333334,5,May,Spring,3.51,3.57,0,Moderate
2025-05-09,3.6666666666666665,4.0,3.0,42.96458333333334,57.38166666666666,8.13,103.42875,643.5341666666667,4.699166666666667,5,May,Spring,3.49,3.58,0,Poor
2025-05-10,3.75,5.0,3.0,46.69708333333333,61.44208333333333,5.752916666666667,116.20958333333334,641.0829166666666,4.190416666666667,5,May,Spring,3.49,3.59,0,Poor
2025-05-11,3.2916666666666665,4.0,3.0,40.80083333333334,68.36791666666666,4.56,113.54,503.92,2.7908333333333335,5,May,Spring,3.48,3.57,0,Moderate
2025-05-12,3.5,5.0,3.0,41.5675,94.47708333333333,3.93375,121.14208333333333,423.62083333333334,4.273333333333333,5,May,Spring,3.46,3.57,0,Moderate
2025-05-13,3.5,4.0,3.0,45.72083333333333,90.68791666666665,7.036666666666666,106.91250000000001,492.8854166666667,4.2525,5,May,Spring,3.49,3.56,0,Moderate
2025-05-14,3.5,5.0,3.0,48.0325,91.66541666666666,8.9275,93.25416666666666,516.8154166666667,3.827083333333333,5,May,Spring,3.51,3.56,0,Moderate
2025-05-15,3.5,4.0,3.0,41.99875,104.43124999999999,9.207083333333333,79.59541666666667,411.99333333333334,3.1008333333333336,5,May,Spring,3.53,3.56,0,Moderate
2025-05-16,3.3333333333333335,4.0,3.0,37.35333333333333,96.91291666666666,7.580416666666667,81.90625,337.45208333333335,2.905,5,May,Spring,3.48,3.55,0,Moderate
2025-05-17,3.2916666666666665,4.0,3.0,40.867916666666666,98.4575,6.790833333333333,86.7325,337.8341666666667,3.28375,5,May,Spring,3.42,3.53,0,Moderate
2025-05-18,3.1666666666666665,4.0,3.0,30.64125,84.42541666666666,4.964583333333334,87.55708333333332,252.31875,2.0529166666666665,5,May,Spring,3.4,3.52,0,Moderate
2025-05-19,3.0,3.0,3.0,34.26291666666667,79.09208333333333,3.9137500000000003,97.24333333333334,269.04625,2.7758333333333334,5,May,Spring,3.33,3.5,0,Moderate
2025-05-20,3.5416666666666665,5.0,3.0,49.124583333333334,86.29291666666666,6.6187499999999995,99.93,416.12083333333334,3.776666666666667,5,May,Spring,3.33,3.5,0,Poor
2025-05-21,3.9166666666666665,4.0,3.0,43.66958333333333,114.86583333333334,4.24625,101.06083333333333,278.34375,4.2195833333333335,5,May,Spring,3.39,3.51,0,Poor
2025-05-22,4.208333333333333,5.0,4.0,68.86749999999999,133.10166666666666,4.0925,128.85291666666666,343.53749999999997,8.606250000000001,5,May,Spring,3.49,3.54,1,Poor
2025-05-23,4.666666666666667,5.0,4.0,89.88708333333334,120.32416666666667,3.297916666666667,157.86708333333334,418.9470833333333,13.484583333333333,5,May,Spring,3.68,3.58,1,Very Poor
2025-05-24,4.333333333333333,5.0,4.0,70.63958333333333,89.70416666666667,3.887916666666667,137.04333333333332,428.33625,9.041666666666666,5,May,Spring,3.83,3.61,1,Poor
2025-05-25,4.0,5.0,3.0,60.87166666666667,72.30208333333333,2.7608333333333337,138.85375,419.8333333333333,6.462083333333333,5,May,Spring,3.95,3.62,1,Poor
2025-05-26,3.6666666666666665,4.0,2.0,46.0525,55.004999999999995,4.87875,124.71083333333333,470.4820833333333,5.1883333333333335,5,May,Spring,4.05,3.63,0,Poor
2025-05-27,4.291666666666667,5.0,4.0,70.8075,88.85125,5.778333333333333,119.28541666666666,527.5770833333333,5.329583333333333,5,May,Spring,4.15,3.66,1,Poor
2025-05-28,4.666666666666667,5.0,4.0,82.5775,132.95125,7.417083333333333,105.78666666666668,560.5570833333334,5.607916666666667,5,May,Spring,4.26,3.7,1,Very Poor
2025-05-29,4.333333333333333,5.0,4.0,73.41833333333334,160.97625,6.204166666666667,100.20333333333333,411.5841666666667,3.4620833333333336,5,May,Spring,4.28,3.73,1,Poor
2025-05-30,4.125,5.0,4.0,57.502916666666664,167.17541666666668,4.3966666666666665,95.49416666666667,239.0725,4.172916666666667,5,May,Spring,4.2,3.73,1,Poor
2025-05-31,3.9583333333333335,4.0,3.0,53.88958333333333,141.59166666666667,3.887916666666667,107.42083333333333,279.46208333333334,5.115833333333334,5,May,Spring,4.15,3.73,0,Poor
2025-06-01,3.3333333333333335,4.0,3.0,47.97291666666666,95.90416666666665,6.6504166666666675,102.80833333333334,366.6766666666667,4.97375,6,Jun,Summer,4.05,3.71,0,Moderate
2025-06-02,3.5833333333333335,5.0,3.0,40.591249999999995,89.21916666666665,6.14375,100.69833333333334,325.16833333333335,4.444583333333333,6,Jun,Summer,4.04,3.71,0,Poor
2025-06-03,3.2083333333333335,4.0,3.0,36.36208333333333,86.84333333333335,4.752916666666667,96.95125,226.09291666666664,4.3062499999999995,6,Jun,Summer,3.89,3.7,0,Moderate
2025-06-04,3.5,4.0,3.0,38.47625,96.58208333333333,4.635,100.45,253.89958333333334,3.857083333333333,6,Jun,Summer,3.72,3.7,0,Moderate
2025-06-05,3.7083333333333335,4.0,3.0,45.53541666666666,109.59499999999998,6.07875,95.22125,307.15541666666667,3.54875,6,Jun,Summer,3.63,3.71,0,Poor
2025-06-06,4.0,4.0,4.0,58.10541666666666,115.65958333333333,6.78,104.47583333333334,380.85625,4.359583333333333,6,Jun,Summer,3.61,3.73,1,Poor
2025-06-07,4.0,4.0,4.0,55.21416666666667,136.58791666666667,5.368333333333333,101.71875,296.1375,4.610833333333333,6,Jun,Summer,3.62,3.75,1,Poor
2025-06-08,3.5,5.0,3.0,44.20083333333333,111.87583333333333,6.687916666666666,82.94583333333334,309.0933333333333,3.140416666666667,6,Jun,Summer,3.64,3.75,0,Moderate
2025-06-09,3.0833333333333335,4.0,3.0,33.38291666666667,88.30375,4.8566666666666665,100.45583333333333,235.87166666666667,3.0362500000000003,6,Jun,Summer,3.57,3.72,0,Moderate
2025-06-10,3.375,4.0,3.0,34.225833333333334,98.79375,5.468333333333334,94.9225,237.92291666666665,2.8662500000000004,6,Jun,Summer,3.6,3.73,0,Moderate
2025-06-11,3.25,4.0,3.0,33.40625,96.84583333333335,6.642083333333333,84.64625,263.2275,2.51625,6,Jun,Summer,3.56,3.72,0,Moderate
2025-06-12,3.4166666666666665,4.0,3.0,41.69916666666666,105.5575,8.533333333333333,83.20458333333333,353.2575,3.4295833333333334,6,Jun,Summer,3.52,3.72,0,Moderate
2025-06-13,4.375,5.0,3.0,81.72333333333333,125.00416666666666,3.792083333333333,134.44416666666666,394.95666666666665,9.9975,6,Jun,Summer,3.57,3.74,1,Poor
2025-06-14,4.333333333333333,5.0,4.0,73.44958333333334,111.30708333333332,4.752083333333333,115.19749999999999,436.405,6.47375,6,Jun,Summer,3.62,3.77,1,Poor
2025-06-15,4.0,4.0,4.0,65.54291666666667,121.91833333333334,6.572500000000001,83.10000000000001,372.8908333333333,3.5608333333333335,6,Jun,Summer,3.69,3.79,1,Poor
2025-06-16,4.625,5.0,4.0,78.2,101.90625,7.710833333333333,92.09583333333335,563.7995833333333,5.929166666666667,6,Jun,Summer,3.91,3.84,1,Very Poor
2025-06-17,3.7916666666666665,5.0,3.0,59.87625,67.74291666666666,6.390416666666667,95.80541666666666,630.57875,2.7016666666666667,6,Jun,Summer,3.97,3.86,0,Poor
2025-06-18,4.041666666666667,5.0,3.0,59.55125,70.21333333333334,6.289583333333333,112.47125,602.7095833333334,4.167916666666667,6,Jun,Summer,4.08,3.89,1,Poor
2025-06-19,4.0,4.0,4.0,57.97083333333333,75.71041666666666,3.5391666666666666,141.73,489.9916666666666,5.37875,6,Jun,Summer,4.17,3.91,1,Poor
2025-06-20,2.7083333333333335,4.0,2.0,27.739583333333332,41.056666666666665,3.7158333333333338,100.70291666666667,322.85083333333336,4.51875,6,Jun,Summer,3.93,3.87,0,Moderate
2025-06-21,2.9583333333333335,3.0,2.0,29.331666666666667,53.885416666666664,4.229583333333333,87.76208333333334,330.05625000000003,3.594583333333333,6,Jun,Summer,3.73,3.83,0,Moderate
2025-06-22,2.5416666666666665,3.0,2.0,22.797083333333333,58.458333333333336,4.105833333333333,77.92333333333333,233.93541666666667,4.047916666666667,6,Jun,Summer,3.52,3.76,0,Moderate
2025-06-23,2.75,3.0,2.0,29.10625,62.69375,5.55125,72.46208333333333,303.22541666666666,3.2395833333333335,6,Jun,Summer,3.26,3.7,0,Moderate
2025-06-24,3.0,3.0,3.0,32.48708333333334,88.65708333333333,6.894166666666667,76.28375,309.8641666666667,4.345833333333333,6,Jun,Summer,3.14,3.67,0,Moderate
2025-06-25,3.0416666666666665,4.0,3.0,33.07125,66.2275,4.14625,90.68708333333332,350.7558333333333,5.4425,6,Jun,Summer,3.0,3.65,0,Moderate
2025-06-26,3.4166666666666665,4.0,2.0,47.99125,55.31375,6.798333333333333,83.85958333333333,706.9375,3.873333333333333,6,Jun,Summer,2.92,3.62,0,Moderate
2025-06-27,2.125,3.0,1.0,21.7175,28.030416666666667,7.442083333333333,61.71791666666667,418.3591666666667,3.9949999999999997,6,Jun,Summer,2.83,3.54,0,Fair
2025-06-28,2.8333333333333335,3.0,2.0,26.930833333333336,46.416666666666664,6.957916666666667,81.16791666666667,415.19458333333336,2.69125,6,Jun,Summer,2.82,3.49,0,Moderate
2025-06-29,3.0,3.0,3.0,24.4825,61.8225,4.068333333333333,73.02333333333333,295.48541666666665,2.294583333333333,6,Jun,Summer,2.88,3.45,0,Moderate
2025-06-30,2.625,3.0,2.0,21.115833333333335,47.66,4.514583333333333,67.18708333333333,240.80791666666667,3.3074999999999997,6,Jun,Summer,2.86,3.4,0,Moderate
2025-07-01,2.5,3.0,2.0,25.215416666666666,49.528333333333336,9.072083333333333,56.26958333333334,331.38375,3.9808333333333334,7,Jul,Summer,2.79,3.38,0,Fair
2025-07-02,4.375,5.0,3.0,72.76208333333334,85.17583333333333,5.270416666666667,128.45000000000002,493.5370833333333,5.723333333333334,7,Jul,Summer,2.98,3.4,1,Poor
2025-07-03,3.4583333333333335,5.0,3.0,47.367916666666666,56.84625,5.100416666666667,112.05666666666667,451.6191666666667,4.607916666666667,7,Jul,Summer,2.99,3.41,0,Moderate
2025-07-04,3.5,4.0,3.0,47.80416666666667,68.05916666666667,9.283333333333333,100.50125000000001,589.3204166666667,4.005416666666666,7,Jul,Summer,3.18,3.41,0,Moderate
2025-07-05,3.2083333333333335,4.0,3.0,37.21041666666667,82.66250000000001,8.831249999999999,62.16958333333333,464.77375,2.7875,7,Jul,Summer,3.24,3.39,0,Moderate
2025-07-06,2.875,3.0,2.0,26.732083333333335,59.72333333333333,7.249583333333334,52.94833333333333,313.465,2.57,7,Jul,Summer,3.22,3.36,0,Moderate
2025-07-07,2.0833333333333335,3.0,2.0,16.93916666666667,34.91833333333333,8.1925,45.37375,290.78791666666666,2.7616666666666667,7,Jul,Summer,3.14,3.29,0,Fair
2025-07-08,2.0416666666666665,3.0,1.0,15.1875,34.245,8.855416666666667,39.17,329.26375,1.85125,7,Jul,Summer,3.08,3.24,0,Fair
2025-07-09,2.4583333333333335,3.0,2.0,21.465833333333332,43.00666666666667,9.035416666666666,45.25791666666667,298.0775,3.5775,7,Jul,Summer,2.8,3.22,0,Fair
2025-07-10,2.0833333333333335,3.0,2.0,15.610416666666666,25.429999999999996,10.1425,45.333333333333336,304.68874999999997,2.702916666666667,7,Jul,Summer,2.61,3.18,0,Fair
2025-07-11,3.75,5.0,3.0,54.23333333333333,74.54875,11.245416666666666,71.09458333333333,473.8495833333333,3.37875,7,Jul,Summer,2.64,3.2,0,Poor
2025-07-12,3.625,5.0,3.0,53.874583333333334,62.26166666666666,7.604583333333333,80.335,452.10833333333335,3.62125,7,Jul,Summer,2.7,3.2,0,Poor
2025-07-13,4.5,5.0,4.0,76.24666666666667,82.70375,10.574166666666667,59.870416666666664,657.0941666666666,2.6979166666666665,7,Jul,Summer,2.93,3.21,1,Poor
2025-07-14,3.7916666666666665,5.0,3.0,57.02875,60.88333333333333,6.3549999999999995,87.52625,563.5600000000001,2.8995833333333336,7,Jul,Summer,3.18,3.19,0,Poor
2025-07-15,2.5416666666666665,3.0,2.0,28.38875,29.942083333333333,7.704166666666667,64.69333333333333,537.66125,3.3125,7,Jul,Summer,3.25,3.14,0,Moderate
2025-07-16,2.375,3.0,2.0,25.876666666666665,30.697083333333335,10.952916666666667,48.23291666666666,661.6654166666666,1.8345833333333335,7,Jul,Summer,3.24,3.07,0,Fair
2025-07-17,3.0,3.0,3.0,32.691250000000004,49.34625,8.283333333333333,81.25416666666666,569.5575,2.8725,7,Jul,Summer,3.37,3.04,0,Moderate
2025-07-18,3.125,4.0,2.0,36.77166666666667,45.02458333333333,9.13,63.81375,555.6354166666666,2.5879166666666666,7,Jul,Summer,3.28,3.01,0,Moderate
2025-07-19,3.7083333333333335,4.0,3.0,54.75625,59.66291666666666,5.34625,92.88916666666667,442.25874999999996,3.6812500000000004,7,Jul,Summer,3.29,3.0,0,Poor
2025-07-20,2.25,3.0,2.0,19.671666666666667,38.071666666666665,6.908333333333334,60.64541666666667,287.22875,2.4970833333333333,7,Jul,Summer,2.97,2.98,0,Fair
2025-07-21,2.2083333333333335,3.0,2.0,15.165,34.19083333333334,7.070833333333333,51.5525,236.05791666666667,3.3195833333333336,7,Jul,Summer,2.74,2.96,0,Fair
2025-07-22,2.2916666666666665,3.0,2.0,14.997916666666667,37.41458333333333,8.279166666666667,42.14666666666667,288.86083333333335,2.0970833333333334,7,Jul,Summer,2.71,2.95,0,Fair
2025-07-23,2.7916666666666665,3.0,2.0,25.554166666666664,57.654583333333335,11.702916666666667,32.96375,402.6345833333333,1.9029166666666668,7,Jul,Summer,2.77,2.95,0,Moderate
2025-07-24,2.875,3.0,2.0,34.623333333333335,58.115833333333335,10.96,42.89541666666667,467.46374999999995,1.6579166666666667,7,Jul,Summer,2.75,2.95,0,Moderate
2025-07-25,3.0,3.0,3.0,38.268750000000004,63.20333333333334,9.330416666666666,49.99041666666667,448.3354166666666,1.8295833333333331,7,Jul,Summer,2.73,2.95,0,Moderate
2025-07-26,2.9583333333333335,4.0,2.0,37.020833333333336,54.43375,11.215833333333334,48.992916666666666,486.455,2.2241666666666666,7,Jul,Summer,2.62,2.93,0,Moderate
2025-07-27,3.25,4.0,3.0,45.08375,61.69125,11.634583333333333,53.46083333333333,516.93625,2.67125,7,Jul,Summer,2.77,2.97,0,Moderate
2025-07-28,3.5833333333333335,4.0,3.0,51.55166666666667,101.63541666666667,10.435833333333333,53.020833333333336,491.32124999999996,1.6075,7,Jul,Summer,2.96,2.99,0,Poor
2025-07-29,4.041666666666667,5.0,3.0,57.09291666666667,155.45458333333332,7.492916666666667,57.842083333333335,290.6875,3.3529166666666668,7,Jul,Summer,3.21,3.03,1,Poor
2025-07-30,3.4166666666666665,4.0,3.0,48.01791666666667,76.04208333333334,8.125416666666666,62.548750000000005,450.3208333333334,3.38125,7,Jul,Summer,3.3,3.06,0,Moderate
2025-07-31,3.7083333333333335,4.0,3.0,56.17041666666666,64.20916666666666,12.140833333333333,51.88125,692.7779166666666,3.56875,7,Jul,Summer,3.42,3.1,0,Poor
2025-08-01,3.2916666666666665,4.0,3.0,43.145833333333336,48.071666666666665,18.288333333333334,11.216666666666667,881.9225,2.0791666666666666,8,Aug,Summer,3.46,3.06,0,Moderate
2025-08-02,4.291666666666667,5.0,4.0,69.99791666666667,92.23458333333333,11.545833333333334,52.8025,791.6091666666666,1.5416666666666667,8,Aug,Summer,3.65,3.09,1,Poor
2025-08-03,3.875,4.0,3.0,45.32583333333333,116.03041666666667,8.17625,46.632083333333334,355.7054166666667,1.2983333333333333,8,Aug,Summer,3.74,3.1,0,Poor
2025-08-04,3.4583333333333335,4.0,3.0,26.949583333333333,95.76958333333333,5.62875,50.240833333333335,207.71666666666667,1.7708333333333333,8,Aug,Summer,3.73,3.11,0,Moderate
2025-08-05,3.25,4.0,3.0,26.664583333333336,87.43708333333335,8.036666666666667,48.499583333333334,268.5670833333333,2.1687499999999997,8,Aug,Summer,3.61,3.12,0,Moderate
2025-08-06,3.0,3.0,3.0,23.097083333333334,74.14791666666666,7.4025,48.42916666666667,266.0216666666667,1.91375,8,Aug,Summer,3.55,3.15,0,Moderate
2025-08-07,3.3333333333333335,4.0,3.0,30.36583333333333,92.99791666666665,7.394166666666667,49.407916666666665,287.59875,1.8404166666666668,8,Aug,Summer,3.5,3.19,0,Moderate
2025-08-08,3.7916666666666665,4.0,3.0,35.47833333333333,106.1925,9.846666666666666,48.55875,336.01416666666665,2.0837499999999998,8,Aug,Summer,3.57,3.24,0,Poor
2025-08-09,3.4583333333333335,4.0,3.0,36.193333333333335,101.6725,10.071666666666667,41.73041666666666,369.5958333333333,1.2666666666666666,8,Aug,Summer,3.45,3.28,0,Moderate
2025-08-10,3.8333333333333335,4.0,3.0,39.3675,111.42208333333333,9.90125,42.27041666666667,359.1770833333333,1.4583333333333333,8,Aug,Summer,3.45,3.29,0,Poor
2025-08-11,3.375,4.0,3.0,29.911666666666665,99.66166666666668,7.274166666666667,44.29833333333334,239.91833333333332,2.11375,8,Aug,Summer,3.43,3.28,0,Moderate
2025-08-12,3.5,4.0,3.0,38.556666666666665,95.41916666666667,12.78,37.391666666666666,402.3379166666667,2.8545833333333337,8,Aug,Summer,3.47,3.25,0,Moderate
2025-08-13,3.25,4.0,3.0,32.178333333333335,85.17916666666666,11.752083333333333,32.18125,410.60041666666666,2.009583333333333,8,Aug,Summer,3.51,3.23,0,Moderate
2025-08-14,2.8333333333333335,3.0,2.0,29.58375,55.67541666666667,11.372083333333334,32.61833333333333,316.5675,3.905416666666667,8,Aug,Summer,3.43,3.24,0,Moderate
2025-08-15,3.5833333333333335,5.0,3.0,53.17416666666667,65.00041666666667,11.412083333333333,43.82749999999999,497.37416666666667,2.09625,8,Aug,Summer,3.4,3.28,0,Poor
2025-08-16,4.458333333333333,5.0,3.0,75.91583333333334,81.95375,7.657916666666666,75.94833333333334,627.3995833333333,2.120833333333333,8,Aug,Summer,3.55,3.33,1,Poor
2025-08-17,2.7916666666666665,5.0,2.0,34.0925,39.1075,7.6745833333333335,56.18625,595.4316666666667,2.3445833333333335,8,Aug,Summer,3.4,3.32,0,Moderate
2025-08-18,2.75,3.0,2.0,30.520416666666666,34.3575,9.37125,46.95791666666667,525.2466666666667,3.2145833333333336,8,Aug,Summer,3.31,3.28,0,Moderate
2025-08-19,3.1666666666666665,4.0,3.0,40.99791666666667,46.09458333333333,10.635,53.162083333333335,554.2645833333333,3.4154166666666668,8,Aug,Summer,3.26,3.31,0,Moderate
2025-08-20,3.875,5.0,3.0,54.80125,59.434583333333336,9.718333333333334,61.70666666666667,550.9725,4.125,8,Aug,Summer,3.35,3.37,0,Poor
2025-08-21,3.75,5.0,3.0,53.55666666666667,59.67625,12.627916666666666,50.321666666666665,576.47375,3.0108333333333337,8,Aug,Summer,3.48,3.42,0,Poor
2025-08-22,3.8333333333333335,5.0,3.0,59.20291666666666,70.11125,12.612499999999999,56.60708333333333,623.07125,2.5725000000000002,8,Aug,Summer,3.52,3.45,0,Poor
2025-08-23,3.0,4.0,2.0,34.807916666666664,52.79749999999999,9.040833333333333,49.34291666666667,478.4266666666667,2.3841666666666668,8,Aug,Summer,3.31,3.46,0,Moderate
2025-08-24,2.75,4.0,2.0,33.14791666666667,37.333333333333336,13.763333333333334,23.5125,684.4925,2.38375,8,Aug,Summer,3.3,3.45,0,Moderate
2025-08-25,2.875,4.0,2.0,34.0325,36.104166666666664,11.60125,36.47416666666667,580.9954166666666,2.4075,8,Aug,Summer,3.32,3.45,0,Moderate
2025-08-26,2.7083333333333335,3.0,2.0,28.807083333333335,31.144583333333333,15.792916666666665,25.8625,678.3391666666666,2.4804166666666667,8,Aug,Summer,3.26,3.43,0,Moderate
2025-08-27,4.041666666666667,5.0,3.0,60.77916666666667,66.30166666666666,12.349583333333333,53.727916666666665,836.6658333333334,1.6870833333333335,8,Aug,Summer,3.28,3.44,1,Poor
2025-08-28,4.083333333333333,5.0,4.0,67.595,74.87458333333333,11.628333333333332,65.09833333333333,824.6608333333334,2.64,8,Aug,Summer,3.33,3.44,1,Poor
2025-08-29,3.0833333333333335,4.0,2.0,40.58875,44.444583333333334,9.765833333333333,61.00541666666667,670.7108333333333,3.0262499999999997,8,Aug,Summer,3.22,3.43,0,Moderate
2025-08-30,2.5,3.0,2.0,28.846666666666664,31.394166666666667,17.515833333333333,12.650833333333333,802.1458333333334,2.620416666666667,8,Aug,Summer,3.15,3.39,0,Fair
2025-08-31,3.0,3.0,3.0,42.67291666666667,45.12125,15.496666666666668,8.849583333333333,852.1033333333334,2.012916666666667,8,Aug,Summer,3.18,3.38,0,Moderate
2025-09-01,3.4583333333333335,5.0,2.0,47.35916666666666,50.67166666666666,11.331249999999999,36.9475,745.9425,1.7304166666666667,9,Sep,Autumn,3.27,3.36,0,Moderate
2025-09-02,3.5,4.0,3.0,48.76916666666667,52.184583333333336,8.339583333333334,53.12833333333333,624.5579166666666,2.67375,9,Sep,Autumn,3.38,3.34,0,Moderate
2025-09-03,3.7916666666666665,5.0,3.0,56.02,62.88625,8.502083333333333,42.17041666666667,647.5429166666667,2.3279166666666664,9,Sep,Autumn,3.35,3.35,0,Poor
2025-09-04,3.7083333333333335,5.0,3.0,53.44208333333333,58.65833333333333,5.389166666666667,57.94,479.2754166666667,2.796666666666667,9,Sep,Autumn,3.29,3.37,0,Poor
2025-09-05,3.3333333333333335,4.0,3.0,42.56375,49.3325,5.585416666666667,57.66083333333333,435.5783333333333,2.3525,9,Sep,Autumn,3.33,3.38,0,Moderate
2025-09-06,2.3333333333333335,3.0,2.0,22.505416666666665,25.8725,3.296666666666667,62.47958333333333,310.21958333333333,2.0908333333333333,9,Sep,Autumn,3.3,3.35,0,Fair
2025-09-07,2.1666666666666665,3.0,1.0,18.285416666666666,20.811666666666667,5.210416666666666,44.36416666666667,359.5095833333333,2.07125,9,Sep,Autumn,3.18,3.29,0,Fair
2025-09-08,3.25,4.0,3.0,40.3825,46.427083333333336,5.637083333333333,41.21041666666667,448.51375,2.55125,9,Sep,Autumn,3.15,3.29,0,Moderate
2025-09-09,3.0416666666666665,4.0,2.0,36.64625,52.13708333333333,6.13625,47.5075,425.7895833333334,1.6362500000000002,9,Sep,Autumn,3.09,3.26,0,Moderate
2025-09-10,2.6666666666666665,3.0,2.0,23.559166666666666,54.180416666666666,4.45125,50.56041666666667,282.38958333333335,1.3341666666666667,9,Sep,Autumn,2.93,3.24,0,Moderate
2025-09-11,3.0,3.0,3.0,23.671666666666667,72.26791666666666,3.9250000000000003,46.56708333333333,212.08208333333334,1.2704166666666665,9,Sep,Autumn,2.83,3.22,0,Moderate
2025-09-12,3.0,3.0,3.0,23.912916666666664,65.44916666666667,5.765416666666667,39.17041666666666,285.71208333333334,1.3666666666666665,9,Sep,Autumn,2.78,3.21,0,Moderate
2025-09-13,2.625,3.0,2.0,23.158749999999998,58.0,4.989583333333333,39.08083333333333,297.0991666666667,0.9558333333333334,9,Sep,Autumn,2.82,3.2,0,Moderate
2025-09-14,2.5,4.0,2.0,23.594583333333333,58.58041666666667,5.546666666666667,43.642500000000005,298.12624999999997,1.1970833333333333,9,Sep,Autumn,2.87,3.17,0,Fair
2025-09-15,2.9583333333333335,4.0,2.0,24.003333333333334,63.259166666666665,5.1575,50.60041666666667,272.03541666666666,2.0212499999999998,9,Sep,Autumn,2.83,3.12,0,Moderate
2025-09-16,3.0416666666666665,4.0,3.0,26.957916666666666,67.47541666666667,5.612916666666667,53.8425,274.02125,2.5658333333333334,9,Sep,Autumn,2.83,3.13,0,Moderate
2025-09-17,3.0416666666666665,4.0,3.0,32.88916666666667,81.05166666666666,7.46,42.132083333333334,366.1333333333334,1.6987500000000002,9,Sep,Autumn,2.88,3.14,0,Moderate
2025-09-18,3.4583333333333335,4.0,3.0,37.1225,98.45125,7.282916666666666,46.88958333333333,354.24625,2.1954166666666666,9,Sep,Autumn,2.95,3.15,0,Moderate
2025-09-19,3.1666666666666665,4.0,3.0,35.92166666666667,83.47833333333334,6.3741666666666665,45.1675,343.8020833333333,1.9558333333333333,9,Sep,Autumn,2.97,3.12,0,Moderate
2025-09-20,3.0,3.0,3.0,32.63041666666667,75.8275,5.586666666666667,54.229166666666664,328.1958333333333,1.3508333333333333,9,Sep,Autumn,3.02,3.1,0,Moderate
2025-09-21,3.0416666666666665,4.0,3.0,35.23458333333333,82.50625000000001,7.016249999999999,46.37291666666667,356.54833333333335,1.2170833333333333,9,Sep,Autumn,3.1,3.07,0,Moderate
2025-09-22,3.125,4.0,3.0,35.225,81.76625,8.067083333333334,44.91583333333333,397.4279166666667,1.37,9,Sep,Autumn,3.12,3.08,0,Moderate
2025-09-23,3.0833333333333335,4.0,3.0,32.5425,77.96958333333333,7.724166666666666,51.55625,380.6779166666667,1.6795833333333334,9,Sep,Autumn,3.13,3.09,0,Moderate
2025-09-24,3.0833333333333335,4.0,3.0,30.60083333333333,79.76166666666667,6.807083333333334,53.407916666666665,327.39416666666665,1.5670833333333334,9,Sep,Autumn,3.14,3.09,0,Moderate
2025-09-25,3.0833333333333335,4.0,3.0,33.36958333333333,83.14833333333333,7.83875,45.86666666666667,378.4370833333333,1.4683333333333335,9,Sep,Autumn,3.08,3.11,0,Moderate
2025-09-26,3.5416666666666665,4.0,3.0,48.78458333333333,100.65500000000002,8.174583333333333,52.47125,464.93458333333336,3.1245833333333333,9,Sep,Autumn,3.14,3.09,0,Poor
2025-09-27,4.458333333333333,5.0,4.0,68.59458333333333,127.63458333333334,7.774166666666666,57.31541666666667,500.23499999999996,2.970416666666667,9,Sep,Autumn,3.35,3.1,1,Poor
2025-09-28,5.0,5.0,5.0,91.76583333333333,136.46791666666667,6.922499999999999,95.82958333333333,558.2770833333333,5.547083333333333,9,Sep,Autumn,3.62,3.17,1,Very Poor
2025-09-29,4.708333333333333,5.0,4.0,82.55416666666666,100.08916666666666,5.673333333333333,73.20625,517.7133333333333,3.87375,9,Sep,Autumn,3.85,3.24,1,Very Poor
2025-09-30,4.708333333333333,5.0,4.0,81.20833333333333,98.96416666666666,7.622916666666666,74.86208333333333,550.7787500000001,4.0825000000000005,9,Sep,Autumn,4.08,3.3,1,Very Poor
2025-10-01,4.291666666666667,5.0,4.0,70.0925,92.78708333333333,7.599166666666666,76.0175,538.3229166666666,3.4299999999999997,10,Oct,Autumn,4.26,3.32,1,Poor
2025-10-02,4.375,5.0,4.0,72.75541666666666,99.66208333333333,7.039583333333333,68.60791666666667,535.6791666666667,2.9425000000000003,10,Oct,Autumn,4.44,3.35,1,Poor
2025-10-03,4.75,5.0,4.0,84.50041666666667,108.10458333333334,7.2558333333333325,75.42833333333333,589.59375,3.754583333333333,10,Oct,Autumn,4.61,3.38,1,Very Poor
2025-10-04,4.291666666666667,5.0,4.0,70.34583333333333,92.67458333333333,5.368333333333333,76.69333333333333,512.0916666666667,3.2433333333333336,10,Oct,Autumn,4.59,3.4,1,Poor
2025-10-05,3.2916666666666665,4.0,2.0,45.9125,72.4825,3.594583333333333,90.83083333333333,329.2325,4.334583333333334,10,Oct,Autumn,4.35,3.4,0,Moderate
2025-10-06,2.25,3.0,2.0,21.624583333333334,27.900833333333335,6.523333333333333,52.754999999999995,314.2054166666667,3.595833333333333,10,Oct,Autumn,3.99,3.4,0,Fair
2025-10-07,3.7916666666666665,5.0,3.0,55.36208333333334,67.98666666666666,8.107916666666666,55.397083333333335,607.2745833333333,2.6495833333333336,10,Oct,Autumn,3.86,3.45,0,Poor
2025-10-08,4.125,5.0,3.0,65.04583333333333,87.36333333333334,9.41125,72.80916666666667,738.12,4.5112499999999995,10,Oct,Autumn,3.84,3.48,1,Poor
2025-10-09,3.7916666666666665,5.0,3.0,56.07541666666666,92.3575,9.89625,67.14666666666666,718.8120833333332,2.3116666666666665,10,Oct,Autumn,3.76,3.51,0,Poor
2025-10-10,3.75,5.0,3.0,55.51166666666666,92.80291666666666,9.622916666666667,82.31458333333333,643.6408333333333,3.2779166666666666,10,Oct,Autumn,3.61,3.54,0,Poor
2025-10-11,3.9166666666666665,5.0,3.0,57.95791666666667,105.90958333333333,7.965416666666667,71.44875,569.4508333333333,2.6508333333333334,10,Oct,Autumn,3.56,3.58,0,Poor
2025-10-12,4.541666666666667,5.0,4.0,76.12375,159.89583333333334,7.855416666666667,80.0225,568.7958333333333,3.3625000000000003,10,Oct,Autumn,3.74,3.63,1,Very Poor
2025-10-13,4.541666666666667,5.0,4.0,75.92958333333333,140.08625,9.172083333333333,84.3175,555.50625,4.873333333333334,10,Oct,Autumn,4.07,3.69,1,Very Poor
2025-10-14,4.208333333333333,5.0,4.0,63.905833333333334,112.24458333333332,8.800416666666667,79.87125,481.2895833333334,5.709166666666667,10,Oct,Autumn,4.12,3.75,1,Poor
2025-10-15,4.125,5.0,4.0,63.99333333333333,107.14708333333334,8.835416666666667,81.43916666666667,494.51708333333335,5.345,10,Oct,Autumn,4.12,3.79,1,Poor
2025-10-16,4.833333333333333,5.0,4.0,91.72291666666666,136.07541666666665,9.418750000000001,94.69625,638.44125,7.760416666666667,10,Oct,Autumn,4.27,3.85,1,Very Poor
2025-10-17,4.875,5.0,4.0,99.5475,142.45083333333335,8.345833333333333,107.61958333333332,663.1541666666667,7.232500000000001,10,Oct,Autumn,4.43,3.91,1,Very Poor
2025-10-18,4.666666666666667,5.0,4.0,86.3125,117.63875,6.577916666666667,110.27499999999999,572.9545833333333,6.807916666666666,10,Oct,Autumn,4.54,3.95,1,Very Poor
2025-10-19,4.541666666666667,5.0,4.0,75.65166666666666,101.69333333333333,6.271249999999999,97.60583333333334,525.765,6.763750000000001,10,Oct,Autumn,4.54,3.99,1,Very Poor
2025-10-20,4.708333333333333,5.0,4.0,85.19458333333334,114.86541666666666,7.808333333333334,88.87458333333332,662.6704166666667,6.72625,10,Oct,Autumn,4.57,4.05,1,Very Poor
2025-10-21,4.583333333333333,5.0,4.0,86.47625,114.62458333333332,9.67125,80.95166666666667,792.32,5.757083333333333,10,Oct,Autumn,4.62,4.1,1,Very Poor
2025-10-22,4.625,5.0,4.0,86.63291666666667,124.66958333333334,12.382916666666667,83.36375,790.6008333333334,5.239583333333333,10,Oct,Autumn,4.69,4.15,1,Very Poor
2025-10-23,4.625,5.0,4.0,80.265,122.73666666666666,11.16375,87.03208333333333,703.2079166666667,5.029583333333334,10,Oct,Autumn,4.66,4.2,1,Very Poor
2025-10-24,4.416666666666667,5.0,4.0,74.89,115.13458333333334,9.78,92.1275,621.14625,6.402083333333334,10,Oct,Autumn,4.6,4.25,1,Poor
2025-10-25,4.333333333333333,5.0,4.0,73.00041666666667,106.68875000000001,7.3933333333333335,89.00875,590.6333333333333,5.074166666666667,10,Oct,Autumn,4.55,4.29,1,Poor
2025-10-26,4.666666666666667,5.0,4.0,86.90625,127.33583333333333,7.827916666666667,95.03375,641.3241666666667,5.9325,10,Oct,Autumn,4.57,4.33,1,Very Poor
2025-10-27,4.916666666666667,5.0,4.0,117.22250000000001,172.9525,10.1875,83.4225,832.3008333333333,5.980416666666667,10,Oct,Autumn,4.6,4.34,1,Very Poor
2025-10-28,4.958333333333333,5.0,4.0,113.10875,159.91375,10.596666666666666,101.12416666666667,859.9404166666667,7.7437499999999995,10,Oct,Autumn,4.65,4.34,1,Very Poor
2025-10-29,4.916666666666667,5.0,4.0,134.17166666666665,184.23874999999998,8.475,107.5775,827.9845833333334,9.852916666666667,10,Oct,Autumn,4.69,4.35,1,Very Poor
2025-10-30,5.0,5.0,5.0,140.4725,216.4283333333333,8.925416666666667,97.44708333333334,865.3670833333334,8.303333333333333,10,Oct,Autumn,4.74,4.36,1,Very Poor
2025-10-31,4.75,5.0,4.0,106.20375,166.2175,10.4125,88.76458333333333,794.4325,5.577916666666667,10,Oct,Autumn,4.79,4.37,1,Very Poor
2025-11-01,4.708333333333333,5.0,4.0,87.94083333333333,139.66375,9.278333333333334,85.48333333333333,651.71875,4.35875,11,Nov,Autumn,4.85,4.38,1,Very Poor
2025-11-02,5.0,5.0,5.0,82.89166666666667,160.12833333333333,9.92125,69.44333333333334,577.5604166666667,3.7691666666666666,11,Nov,Autumn,4.89,4.39,1,Very Poor
2025-11-03,4.958333333333333,5.0,4.0,87.2,202.26125000000002,11.780416666666667,57.416666666666664,588.8741666666666,2.4129166666666664,11,Nov,Autumn,4.9,4.41,1,Very Poor
2025-11-04,3.7083333333333335,4.0,3.0,56.03333333333333,122.26375,8.574166666666667,75.37958333333333,433.9475,3.9879166666666666,11,Nov,Autumn,4.72,4.43,0,Poor
2025-11-05,3.5,5.0,3.0,47.2775,66.49416666666666,9.139166666666666,88.28125,553.2533333333333,4.4679166666666665,11,Nov,Autumn,4.52,4.47,0,Moderate
2025-11-06,3.9166666666666665,5.0,3.0,57.62,92.93291666666666,13.638333333333334,74.54625,739.06875,3.2108333333333334,11,Nov,Autumn,4.36,4.47,0,Poor
2025-11-07,4.708333333333333,5.0,4.0,85.35416666666667,141.51041666666666,14.545416666666666,83.57875,856.9445833333333,5.66125,11,Nov,Autumn,4.36,4.49,1,Very Poor
2025-11-08,4.833333333333333,5.0,4.0,101.89875,187.28458333333333,9.821250000000001,89.46249999999999,683.5629166666668,6.354166666666667,11,Nov,Autumn,4.38,4.53,1,Very Poor
2025-11-09,5.0,5.0,5.0,118.2375,209.21124999999998,8.944583333333332,106.1075,705.7345833333334,8.427083333333334,11,Nov,Autumn,4.38,4.57,1,Very Poor
2025-11-10,4.958333333333333,5.0,4.0,117.19333333333333,207.5304166666667,11.825833333333334,95.22375,721.9575,8.224583333333333,11,Nov,Autumn,4.37,4.6,1,Very Poor
2025-11-11,5.0,5.0,5.0,137.21291666666667,245.94875000000002,14.1325,91.92875,843.57375,10.737083333333333,11,Nov,Autumn,4.56,4.62,1,Very Poor
2025-11-12,5.0,5.0,5.0,145.335,251.5225,12.094999999999999,98.83125,861.7929166666667,10.387500000000001,11,Nov,Autumn,4.77,4.63,1,Very Poor
2025-11-13,5.0,5.0,5.0,132.75083333333333,212.22041666666667,13.459166666666667,92.32416666666667,885.2308333333334,6.255,11,Nov,Autumn,4.93,4.66,1,Very Poor
2025-11-14,5.0,5.0,5.0,129.13666666666666,225.00666666666666,13.853333333333333,90.26083333333334,849.2879166666667,5.590833333333333,11,Nov,Autumn,4.97,4.69,1,Very Poor
2025-11-15,5.0,5.0,5.0,97.40208333333334,212.57458333333332,13.218333333333334,63.98875,672.6162499999999,3.4020833333333336,11,Nov,Autumn,4.99,4.7,1,Very Poor
2025-11-16,5.0,5.0,5.0,150.07291666666666,240.88666666666666,12.14875,87.61208333333333,920.0908333333333,8.397083333333333,11,Nov,Autumn,4.99,4.7,1,Very Poor
2025-11-17,5.0,5.0,5.0,151.54458333333335,242.37875,14.037916666666668,83.40541666666667,886.6041666666666,6.113333333333333,11,Nov,Autumn,5.0,4.71,1,Very Poor
2025-11-18,5.0,5.0,5.0,182.95583333333332,283.13416666666666,13.210833333333333,107.64625,934.5366666666667,13.184583333333334,11,Nov,Autumn,5.0,4.73,1,Very Poor
2025-11-19,5.0,5.0,5.0,181.5979166666667,281.1983333333333,13.292916666666668,95.74083333333333,931.2658333333334,10.926666666666668,11,Nov,Autumn,5.0,4.74,1,Very Poor
2025-11-20,5.0,5.0,5.0,227.87708333333333,324.8066666666667,13.229166666666666,97.355,1094.8983333333333,6.732916666666667,11,Nov,Autumn,5.0,4.75,1,Very Poor
2025-11-21,5.0,5.0,5.0,265.04125,352.1033333333333,12.82875,91.14958333333334,1265.6924999999999,8.141666666666667,11,Nov,Autumn,5.0,4.76,1,Very Poor
2025-11-22,5.0,5.0,5.0,216.635,282.78833333333336,9.72125,104.76416666666667,1080.0291666666667,10.69625,11,Nov,Autumn,5.0,4.78,1,Very Poor
2025-11-23,5.0,5.0,5.0,172.17583333333334,226.78958333333333,8.184166666666666,108.96791666666667,875.4162499999999,7.854583333333333,11,Nov,Autumn,5.0,4.79,1,Very Poor
2025-11-24,5.0,5.0,5.0,168.50583333333333,229.71958333333336,10.140833333333333,109.75375000000001,880.4333333333334,9.81,11,Nov,Autumn,5.0,4.82,1,Very Poor
2025-11-25,5.0,5.0,5.0,202.01083333333335,287.9433333333333,14.502083333333333,96.85000000000001,1085.74875,11.055833333333332,11,Nov,Autumn,5.0,4.83,1,Very Poor
2025-11-26,5.0,5.0,5.0,177.65708333333336,251.15083333333334,11.733333333333334,88.46291666666667,954.43,8.750416666666666,11,Nov,Autumn,5.0,4.83,1,Very Poor
2025-11-27,5.0,5.0,5.0,182.48874999999998,243.28875000000002,12.2175,78.81416666666667,1125.0054166666666,9.042916666666667,11,Nov,Autumn,5.0,4.83,1,Very Poor
2025-11-28,5.0,5.0,5.0,187.6158333333333,245.96416666666667,11.840833333333334,84.61916666666666,1077.4291666666666,10.285416666666666,11,Nov,Autumn,5.0,4.83,1,Very Poor
2025-11-29,4.916666666666667,5.0,4.0,126.19291666666668,167.54,10.27625,86.48583333333333,859.6254166666666,6.6875,11,Nov,Autumn,4.99,4.83,1,Very Poor
2025-11-30,5.0,5.0,5.0,112.65458333333333,155.11875,10.2975,89.0625,766.2062500000001,4.635,11,Nov,Autumn,4.99,4.84,1,Very Poor
2025-12-01,5.0,5.0,5.0,122.5225,164.33375,14.903333333333334,92.61333333333333,937.8145833333333,7.139166666666667,12,Dec,Winter,4.99,4.85,1,Very Poor
2025-12-02,5.0,5.0,5.0,141.31583333333333,178.77625,14.979166666666666,86.60958333333333,1064.17125,8.4475,12,Dec,Winter,4.99,4.85,1,Very Poor
2025-12-03,5.0,5.0,5.0,220.52791666666667,284.76208333333335,16.138333333333332,103.6825,1452.3654166666665,12.31375,12,Dec,Winter,4.99,4.85,1,Very Poor
2025-12-04,5.0,5.0,5.0,207.79541666666668,285.7704166666667,18.508333333333333,75.97333333333333,1442.2716666666665,4.777916666666667,12,Dec,Winter,4.99,4.89,1,Very Poor
2025-12-05,5.0,5.0,5.0,210.0625,287.46666666666664,15.737083333333333,93.43666666666667,1287.3829166666667,10.20125,12,Dec,Winter,4.99,4.94,1,Very Poor
2025-12-06,5.0,5.0,5.0,281.2629166666667,365.0329166666667,15.403333333333334,81.96583333333334,1609.58125,4.2250000000000005,12,Dec,Winter,5.0,4.98,1,Very Poor
2025-12-07,5.0,5.0,5.0,293.88124999999997,400.27458333333334,13.120833333333332,93.22291666666666,1453.4170833333335,9.197083333333333,12,Dec,Winter,5.0,4.99,1,Very Poor
2025-12-08,5.0,5.0,5.0,307.59375,402.78375,16.55875,80.66291666666667,1827.5041666666666,6.4125000000000005,12,Dec,Winter,5.0,5.0,1,Very Poor
2025-12-09,5.0,5.0,5.0,266.27500000000003,376.0808333333334,19.46,67.55874999999999,1761.7008333333333,3.89,12,Dec,Winter,5.0,5.0,1,Very Poor
2025-12-10,5.0,5.0,5.0,275.41875,470.75375,17.61,73.37875,1357.6508333333334,5.32625,12,Dec,Winter,5.0,5.0,1,Very Poor
2025-12-11,5.0,5.0,5.0,305.5154166666667,467.74708333333336,17.169999999999998,71.61208333333333,1454.6274999999998,6.4925,12,Dec,Winter,5.0,5.0,1,Very Poor
2025-12-12,5.0,5.0,5.0,305.1175,414.7325,17.399583333333336,65.35875,1456.9058333333332,5.6525,12,Dec,Winter,5.0,5.0,1,Very Poor
2025-12-13,5.0,5.0,5.0,323.26375,368.87916666666666,12.90625,66.67458333333333,1467.8208333333332,3.0904166666666666,12,Dec,Winter,5.0,5.0,1,Very Poor
2025-12-14,5.0,5.0,5.0,455.25291666666664,487.0,11.813333333333333,84.70583333333333,1888.4466666666667,4.087083333333333,12,Dec,Winter,5.0,5.0,1,Very Poor
2025-12-15,5.0,5.0,5.0,422.26624999999996,469.8633333333333,14.114166666666668,78.63041666666668,1992.12625,6.073333333333333,12,Dec,Winter,5.0,5.0,1,Very Poor
2025-12-16,5.0,5.0,5.0,318.85375,397.4995833333333,15.885833333333332,68.55375,1827.7104166666668,2.7758333333333334,12,Dec,Winter,5.0,5.0,1,Very Poor
2025-12-17,5.0,5.0,5.0,313.10583333333335,390.0370833333333,15.089583333333332,66.71333333333332,1671.4170833333335,4.275833333333334,12,Dec,Winter,5.0,5.0,1,Very Poor
2025-12-18,5.0,5.0,5.0,400.7733333333333,490.0179166666667,14.7675,91.93208333333332,1731.2383333333335,5.789583333333333,12,Dec,Winter,5.0,5.0,1,Very Poor
2025-12-19,5.0,5.0,5.0,346.76208333333335,459.02791666666667,15.994583333333333,61.70291666666666,1537.4733333333334,3.317083333333333,12,Dec,Winter,5.0,5.0,1,Very Poor
2025-12-20,5.0,5.0,5.0,325.2454166666667,421.76208333333335,14.575000000000001,50.165,1418.7191666666668,1.9929166666666667,12,Dec,Winter,5.0,5.0,1,Very Poor
2025-12-21,5.0,5.0,5.0,338.61708333333337,385.03458333333333,8.388333333333334,76.995,1369.0079166666667,2.9299999999999997,12,Dec,Winter,5.0,5.0,1,Very Poor
2025-12-22,5.0,5.0,5.0,326.6620833333333,355.87583333333333,11.88375,53.767500000000005,1879.0266666666666,3.6,12,Dec,Winter,5.0,5.0,1,Very Poor
2025-12-23,5.0,5.0,5.0,125.99541666666666,159.8575,13.120416666666666,60.59791666666666,1252.4920833333333,3.3645833333333335,12,Dec,Winter,5.0,5.0,1,Very Poor
2025-12-24,4.583333333333333,5.0,4.0,90.04541666666667,142.82916666666668,16.287499999999998,55.697916666666664,1049.6791666666666,2.4170833333333333,12,Dec,Winter,4.94,4.98,1,Very Poor
2025-12-25,5.0,5.0,5.0,161.1925,256.9775,16.760833333333334,63.46041666666667,1348.6608333333334,4.758333333333334,12,Dec,Winter,4.94,4.98,1,Very Poor
2025-12-26,5.0,5.0,5.0,192.85541666666666,270.96875,17.095,90.7375,1193.0216666666668,13.332916666666668,12,Dec,Winter,4.94,4.98,1,Very Poor
2025-12-27,5.0,5.0,5.0,210.0079166666667,285.97583333333336,13.597499999999998,66.79916666666666,1181.4758333333332,6.111249999999999,12,Dec,Winter,4.94,4.98,1,Very Poor
2025-12-28,5.0,5.0,5.0,228.905,317.01666666666665,15.019583333333335,84.33666666666666,1239.5016666666668,10.642083333333334,12,Dec,Winter,4.94,4.98,1,Very Poor
2025-12-29,5.0,5.0,5.0,310.99291666666664,376.0975,16.224999999999998,86.24833333333333,1710.4083333333335,8.46375,12,Dec,Winter,4.94,4.99,1,Very Poor
2025-12-30,5.0,5.0,5.0,329.38666666666666,393.83666666666664,13.524166666666666,64.82666666666667,1676.9833333333333,4.266666666666667,12,Dec,Winter,4.94,4.99,1,Very Poor
2025-12-31,5.0,5.0,5.0,271.94916666666666,303.95125,11.522916666666667,61.53125,1496.0016666666668,5.28625,12,Dec,Winter,5.0,4.99,1,Very Poor
2026-01-01,5.0,5.0,5.0,239.55,250.75,8.19,20.66,1300.78,1.11,1,Jan,Winter,5.0,4.99,1,Very Poor
2026-01-02,5.0,5.0,5.0,180.6113043478261,199.06260869565216,23.487826086956524,23.75,2102.9647826086957,5.778260869565218,1,Jan,Winter,5.0,4.99,1,Very Poor
2026-01-03,5.0,5.0,5.0,204.6075,236.6258333333333,16.98375,64.63875,1769.0316666666668,4.050833333333333,1,Jan,Winter,5.0,4.99,1,Very Poor
2026-01-04,5.0,5.0,5.0,200.16875000000002,229.57916666666665,17.00875,65.965,1460.00875,7.2775,1,Jan,Winter,5.0,4.99,1,Very Poor
2026-01-05,5.0,5.0,5.0,187.57458333333332,223.14916666666667,21.07875,47.49,1550.8400000000001,4.8,1,Jan,Winter,5.0,4.99,1,Very Poor
2026-01-06,5.0,5.0,5.0,241.80708333333334,306.2025,21.385416666666668,49.91791666666666,1895.6508333333334,4.89375,1,Jan,Winter,5.0,4.99,1,Very Poor
2026-01-07,5.0,5.0,5.0,263.03458333333333,331.08708333333334,23.958333333333332,46.67958333333333,2030.2279166666667,3.3420833333333335,1,Jan,Winter,5.0,4.99,1,Very Poor
2026-01-08,5.0,5.0,5.0,334.1791666666667,393.29625000000004,22.24791666666667,64.37458333333333,2230.13375,4.77625,1,Jan,Winter,5.0,4.99,1,Very Poor
2026-01-09,5.0,5.0,5.0,262.2445833333333,298.5754166666666,20.11625,47.257083333333334,1835.5158333333331,4.06125,1,Jan,Winter,5.0,4.99,1,Very Poor
2026-01-10,5.0,5.0,5.0,406.9166666666667,451.25666666666666,19.839166666666667,63.03125,2547.92,6.022916666666667,1,Jan,Winter,5.0,4.99,1,Very Poor
2026-01-11,5.0,5.0,5.0,447.15375,494.11083333333335,18.436666666666667,62.59583333333333,2391.6150000000002,3.264583333333333,1,Jan,Winter,5.0,4.99,1,Very Poor
2026-01-12,5.0,5.0,5.0,312.6658333333333,343.2625,21.66541666666667,87.31875000000001,1789.1625000000001,8.07,1,Jan,Winter,5.0,4.99,1,Very Poor
2026-01-13,5.0,5.0,5.0,391.99291666666664,427.5108333333333,21.826666666666668,80.09,2145.46625,6.527916666666666,1,Jan,Winter,5.0,4.99,1,Very Poor
2026-01-14,5.0,5.0,5.0,323.1795833333333,356.1275,20.565833333333334,82.03916666666667,1881.6566666666668,5.015833333333333,1,Jan,Winter,5.0,4.99,1,Very Poor
2026-01-15,5.0,5.0,5.0,326.9120833333333,364.08500000000004,22.53625,82.98333333333333,1758.8566666666666,17.069166666666664,1,Jan,Winter,5.0,4.99,1,Very Poor
2026-01-16,5.0,5.0,5.0,367.05333333333334,399.19458333333336,21.085,44.30125,2057.02375,4.282916666666667,1,Jan,Winter,5.0,4.99,1,Very Poor
2026-01-17,5.0,5.0,5.0,466.29583333333335,488.74625,16.886666666666667,51.052083333333336,2427.24375,2.6029166666666668,1,Jan,Winter,5.0,4.99,1,Very Poor
2026-01-18,5.0,5.0,5.0,477.05833333333334,499.3495833333333,16.68916666666667,73.27291666666666,2667.43875,6.180416666666667,1,Jan,Winter,5.0,4.99,1,Very Poor
2026-01-19,5.0,5.0,5.0,440.0208333333333,467.06916666666666,17.06833333333333,52.7575,2545.4620833333333,3.627083333333333,1,Jan,Winter,5.0,4.99,1,Very Poor
2026-01-20,5.0,5.0,5.0,631.2470833333333,666.4520833333333,16.970416666666665,77.77083333333333,3197.6120833333334,7.109999999999999,1,Jan,Winter,5.0,4.99,1,Very Poor
2026-01-21,5.0,5.0,5.0,539.50125,575.8245833333334,17.502083333333335,95.21625,2539.7925,10.3775,1,Jan,Winter,5.0,4.99,1,Very Poor
2026-01-22,4.875,5.0,3.0,217.97375,236.21124999999998,8.995416666666666,97.96041666666667,1055.7466666666667,8.343333333333334,1,Jan,Winter,4.98,4.98,1,Very Poor
2026-01-23,3.1666666666666665,4.0,3.0,31.27,65.8825,8.07375,74.86666666666666,441.84791666666666,2.3316666666666666,1,Jan,Winter,4.72,4.93,0,Moderate
2026-01-24,4.791666666666667,5.0,4.0,105.50999999999999,133.63833333333335,17.232916666666664,57.31875,1078.4058333333335,4.27625,1,Jan,Winter,4.69,4.93,1,Very Poor
2026-01-25,5.0,5.0,5.0,149.78333333333333,184.06958333333333,16.79625,59.84166666666667,1329.9229166666667,2.856666666666667,1,Jan,Winter,4.69,4.93,1,Very Poor
2026-01-26,5.0,5.0,5.0,216.64083333333335,248.67875,20.396666666666665,53.23833333333334,1867.7233333333334,4.5562499999999995,1,Jan,Winter,4.69,4.93,1,Very Poor
2026-01-27,5.0,5.0,5.0,189.1158333333333,206.18875,15.988333333333335,51.34583333333333,1713.2475000000002,2.7866666666666666,1,Jan,Winter,4.69,4.93,1,Very Poor
2026-01-28,5.0,5.0,5.0,206.03,221.22,19.78,11.36,1901.79,1.37,1,Jan,Winter,4.69,4.93,1,Very Poor
2026-01-29,4.913043478260869,5.0,4.0,178.1808695652174,209.99391304347824,20.06304347826087,61.72652173913043,1543.2230434782607,6.523913043478261,1,Jan,Winter,4.7,4.92,1,Very Poor
2026-01-30,4.833333333333333,5.0,4.0,144.95000000000002,178.68666666666664,21.598333333333333,70.58458333333333,1392.5708333333332,7.078749999999999,1,Jan,Winter,4.93,4.92,1,Very Poor
2026-01-31,4.875,5.0,4.0,150.47625,172.68541666666667,15.640833333333333,67.29166666666667,1131.2358333333334,5.444583333333334,1,Jan,Winter,4.95,4.92,1,Very Poor
2026-02-01,5.0,5.0,5.0,178.10166666666666,195.15874999999997,9.9275,68.60666666666667,1045.5204166666665,3.015,2,Feb,Winter,4.95,4.92,1,Very Poor
2026-02-02,5.0,5.0,5.0,191.12375,228.41833333333332,16.8975,56.95583333333334,1274.6579166666668,4.825,2,Feb,Winter,4.95,4.92,1,Very Poor
2026-02-03,4.791666666666667,5.0,4.0,151.05916666666667,184.40458333333333,17.819166666666668,55.224583333333335,1142.8387500000001,3.20875,2,Feb,Winter,4.92,4.91,1,Very Poor
2026-02-04,4.916666666666667,5.0,4.0,146.06041666666667,172.8525,15.62,56.95041666666666,1158.3441666666668,4.76375,2,Feb,Winter,4.9,4.91,1,Very Poor
2026-02-05,4.875,5.0,4.0,155.51916666666668,198.04,16.139583333333334,50.50583333333333,1180.7379166666667,2.482083333333333,2,Feb,Winter,4.9,4.9,1,Very Poor
2026-02-06,4.833333333333333,5.0,4.0,111.82249999999999,161.17125000000001,15.19625,46.78458333333333,971.6550000000001,2.827916666666667,2,Feb,Winter,4.9,4.9,1,Very Poor
2026-02-07,5.0,5.0,5.0,125.59875,170.82083333333333,13.4425,54.4025,1036.5395833333334,4.18,2,Feb,Winter,4.92,4.9,1,Very Poor
2026-02-08,4.75,5.0,4.0,94.45791666666666,127.44416666666666,13.111666666666666,72.29791666666667,876.9775,2.92,2,Feb,Winter,4.88,4.89,1,Very Poor
2026-02-09,4.916666666666667,5.0,4.0,109.72791666666666,129.10666666666665,12.336666666666666,63.20791666666667,758.9475000000001,4.7749999999999995,2,Feb,Winter,4.87,4.88,1,Very Poor
2026-02-10,5.0,5.0,5.0,201.62125,222.32833333333335,9.112916666666667,91.96333333333332,905.7704166666666,9.46125,2,Feb,Winter,4.9,4.88,1,Very Poor
2026-02-11,4.333333333333333,5.0,3.0,78.77833333333334,100.90875,12.4225,60.08583333333333,852.19125,4.00875,2,Feb,Winter,4.82,4.86,1,Poor
2026-02-12,4.583333333333333,5.0,3.0,82.02499999999999,115.60791666666667,13.818333333333333,57.844166666666666,904.1429166666667,2.48625,2,Feb,Winter,4.77,4.85,1,Very Poor
2026-02-13,4.791666666666667,5.0,4.0,99.26166666666666,154.91708333333332,13.200416666666667,49.68666666666667,869.0341666666667,2.39,2,Feb,Winter,4.77,4.84,1,Very Poor
2026-02-14,5.0,5.0,5.0,114.99916666666667,202.88333333333333,13.435416666666667,54.85458333333333,738.3016666666667,4.725,2,Feb,Winter,4.77,4.84,1,Very Poor
2026-02-15,5.0,5.0,5.0,147.48,252.47,17.32,10.32,927.46,1.82,2,Feb,Winter,4.8,4.84,1,Very Poor
2026-02-16,5.0,5.0,5.0,119.7404347826087,158.5304347826087,9.890434782608695,62.07260869565218,688.9152173913043,5.8713043478260865,2,Feb,Winter,4.82,4.84,1,Very Poor
2026-02-17,5.0,5.0,5.0,145.31791666666666,173.65875000000003,9.730416666666667,68.40458333333333,731.94125,9.718333333333334,2,Feb,Winter,4.82,4.84,1,Very Poor
2026-02-18,4.416666666666667,5.0,3.0,117.51083333333334,141.32083333333333,11.94375,47.6175,857.4025,3.080833333333333,2,Feb,Winter,4.83,4.82,1,Poor
2026-02-19,4.666666666666667,5.0,3.0,92.14083333333333,115.34208333333333,11.697916666666666,52.6475,794.935,3.830833333333333,2,Feb,Winter,4.84,4.81,1,Very Poor
2026-02-20,4.791666666666667,5.0,4.0,116.55416666666667,143.79291666666668,12.7025,63.38458333333333,962.0704166666666,5.932083333333334,2,Feb,Winter,4.84,4.8,1,Very Poor
2026-02-21,4.833333333333333,5.0,4.0,112.35041666666666,135.85583333333332,9.69375,57.82708333333334,838.96625,3.0574999999999997,2,Feb,Winter,4.82,4.8,1,Very Poor
2026-02-22,5.0,5.0,5.0,113.33,128.32,12.06,18.38,717.09,1.78,2,Feb,Winter,4.82,4.86,1,Very Poor
2026-02-24,4.782608695652174,5.0,4.0,92.05608695652174,124.54260869565218,10.505652173913044,65.88608695652174,665.265652173913,5.35,2,Feb,Winter,4.78,4.86,1,Very Poor
2026-02-25,4.541666666666667,5.0,3.0,82.73125,118.23833333333333,11.354999999999999,50.26416666666666,658.4604166666667,3.6616666666666666,2,Feb,Winter,4.72,4.85,1,Very Poor
2026-02-26,5.0,5.0,5.0,94.46916666666668,139.82,14.012500000000001,44.99375,749.9074999999999,4.829166666666667,2,Feb,Winter,4.8,4.85,1,Very Poor
2026-02-27,4.666666666666667,5.0,4.0,82.28041666666667,129.6525,11.039166666666667,50.328333333333326,605.7741666666667,5.3,2,Feb,Winter,4.8,4.84,1,Very Poor
2026-02-28,4.5,5.0,3.0,82.73416666666667,125.66083333333334,8.888333333333334,48.61708333333333,605.1241666666666,2.9466666666666668,2,Feb,Winter,4.76,4.82,1,Poor
2026-03-01,5.0,5.0,5.0,100.35,142.41,14.5,22.88,774.48,3.88,3,Mar,Spring,4.78,4.82,1,Very Poor
2026-03-02,4.695652173913044,5.0,4.0,87.97304347826088,141.00826086956522,8.337391304347825,76.17999999999999,574.3234782608696,5.022608695652174,3,Mar,Spring,4.74,4.82,1,Very Poor
2026-03-03,4.916666666666667,5.0,4.0,88.65333333333332,143.79208333333335,9.465,55.45791666666667,650.1274999999999,2.223333333333333,3,Mar,Spring,4.76,4.82,1,Very Poor
2026-03-04,5.0,5.0,5.0,83.28,148.19,11.67,8.26,686.78,1.05,3,Mar,Spring,4.83,4.82,1,Very Poor
2026-03-05,4.869565217391305,5.0,4.0,98.22608695652173,152.8195652173913,8.711304347826088,63.69173913043478,671.7339130434783,4.770434782608696,3,Mar,Spring,4.81,4.82,1,Very Poor
2026-03-06,4.291666666666667,5.0,4.0,62.5975,127.00458333333334,9.0375,52.96333333333333,502.7795833333334,3.32625,3,Mar,Spring,4.75,4.8,1,Poor
2026-03-07,4.333333333333333,5.0,4.0,68.36791666666666,158.85625000000002,6.5275,53.27708333333334,391.40291666666667,3.3387499999999997,3,Mar,Spring,4.73,4.78,1,Poor
2026-03-08,4.416666666666667,5.0,4.0,67.42708333333333,137.08291666666665,5.837083333333333,77.57375,375.33874999999995,5.215416666666667,3,Mar,Spring,4.65,4.76,1,Poor
2026-03-09,4.75,5.0,4.0,80.95458333333333,138.25291666666666,8.195,55.638749999999995,513.305,2.5854166666666667,3,Mar,Spring,4.65,4.76,1,Very Poor
2026-03-10,4.208333333333333,5.0,4.0,62.839166666666664,122.97958333333334,8.674583333333333,53.6175,434.06375,2.657083333333333,3,Mar,Spring,4.55,4.74,1,Poor
2026-03-11,4.625,5.0,4.0,83.67333333333333,122.13916666666667,6.87,64.00666666666667,605.6795833333333,2.0279166666666666,3,Mar,Spring,4.5,4.73,1,Very Poor
2026-03-12,3.6666666666666665,5.0,3.0,56.594166666666666,71.41166666666668,7.0495833333333335,68.24833333333333,542.24125,3.3225,3,Mar,Spring,4.33,4.69,0,Poor
2026-03-13,3.2916666666666665,4.0,2.0,42.82916666666667,60.94375,6.41125,61.30791666666667,529.4025,2.950416666666667,3,Mar,Spring,4.18,4.63,0,Moderate
2026-03-14,3.5833333333333335,4.0,3.0,50.444583333333334,70.70458333333333,6.452083333333333,61.13041666666667,462.97708333333327,2.36,3,Mar,Spring,4.08,4.61,0,Poor
2026-03-15,2.75,4.0,2.0,30.35375,41.07958333333333,3.735,74.15791666666667,298.15625,2.665,3,Mar,Spring,3.84,4.55,0,Moderate
2026-03-16,2.5833333333333335,3.0,2.0,23.920833333333334,31.87625,4.850833333333333,76.05541666666666,308.4025,3.51625,3,Mar,Spring,3.53,4.47,0,Moderate
2026-03-17,3.4583333333333335,4.0,3.0,40.027499999999996,54.34708333333333,7.002083333333334,74.80833333333334,457.1116666666667,4.104166666666667,3,Mar,Spring,3.42,4.42,0,Moderate
2026-03-18,3.5,4.0,3.0,44.27458333333333,52.20916666666667,8.0,77.87916666666666,545.6866666666666,4.7225,3,Mar,Spring,3.26,4.37,0,Moderate
2026-03-19,3.5,4.0,3.0,48.83541666666667,58.85666666666666,9.307916666666666,32.6975,681.1750000000001,2.25125,3,Mar,Spring,3.24,4.32,0,Moderate
2026-03-20,3.2916666666666665,4.0,3.0,43.64333333333334,51.92916666666667,7.19625,48.51125,608.4308333333333,1.6929166666666668,3,Mar,Spring,3.24,4.26,0,Moderate
2026-03-21,2.9166666666666665,4.0,2.0,35.51541666666667,49.643750000000004,6.9175,62.306250000000006,473.43375,3.1145833333333335,3,Mar,Spring,3.14,4.21,0,Moderate
2026-03-22,3.125,4.0,2.0,35.28208333333333,52.655,5.7558333333333325,60.99666666666667,461.2775,2.4154166666666668,3,Mar,Spring,3.2,4.16,0,Moderate
2026-03-23,2.5833333333333335,3.0,2.0,25.352500000000003,36.43666666666667,4.988333333333333,60.08416666666667,368.54791666666665,1.6204166666666666,3,Mar,Spring,3.2,4.09,0,Moderate
2026-03-24,3.0,3.0,3.0,30.266666666666666,48.18375,7.414166666666667,53.943333333333335,420.2808333333333,2.9025,3,Mar,Spring,3.13,4.03,0,Moderate
2026-03-25,3.0,3.0,3.0,34.65291666666666,72.40166666666666,7.634583333333333,56.009166666666665,400.00541666666663,3.044166666666667,3,Mar,Spring,3.06,3.96,0,Moderate
2026-03-26,2.9583333333333335,3.0,2.0,32.71583333333333,52.086666666666666,7.923750000000001,63.649166666666666,407.04125,3.56625,3,Mar,Spring,2.98,3.9,0,Moderate
2026-03-27,2.5833333333333335,3.0,2.0,23.506666666666664,41.64,7.4975,54.11416666666667,387.6358333333333,1.52625,3,Mar,Spring,2.88,3.84,0,Moderate
2026-03-28,3.0,3.0,3.0,32.51208333333333,64.66166666666668,4.894166666666666,70.02125,299.48041666666666,4.378333333333333,3,Mar,Spring,2.89,3.77,0,Moderate
2026-03-29,3.0833333333333335,4.0,2.0,38.64958333333333,50.462916666666665,4.678333333333334,77.48375,314.0025,2.8808333333333334,3,Mar,Spring,2.89,3.72,0,Moderate
2026-03-30,3.1666666666666665,4.0,2.0,35.93625,66.76125,6.240833333333334,61.615833333333335,364.6716666666667,2.138333333333333,3,Mar,Spring,2.97,3.67,0,Moderate
2026-03-31,2.6666666666666665,3.0,2.0,30.2975,52.83541666666667,8.791666666666666,45.528333333333336,444.2945833333333,3.595416666666667,3,Mar,Spring,2.92,3.59,0,Moderate
2026-04-01,2.75,3.0,2.0,27.18166666666667,51.01791666666667,8.157083333333333,59.76958333333334,420.84708333333333,3.4804166666666667,4,Apr,Spring,2.89,3.53,0,Moderate
2026-04-02,2.5833333333333335,4.0,2.0,26.875416666666666,43.04791666666667,5.56375,71.3,351.32708333333335,2.935,4,Apr,Spring,2.83,3.45,0,Moderate
2026-04-03,2.0833333333333335,3.0,1.0,12.975,22.16,4.5095833333333335,57.93541666666667,270.53000000000003,2.0766666666666667,4,Apr,Spring,2.76,3.35,0,Fair
2026-04-04,2.5,3.0,2.0,18.393333333333334,30.45375,4.120833333333334,66.24,290.865,2.2866666666666666,4,Apr,Spring,2.69,3.28,0,Fair
2026-04-05,3.0833333333333335,4.0,2.0,34.02375,47.45416666666667,5.69625,61.859166666666674,458.4554166666667,2.087083333333333,4,Apr,Spring,2.69,3.23,0,Moderate
2026-04-06,3.0,3.0,3.0,40.51,61.1,8.31,18.01,579.6,0.86,4,Apr,Spring,2.67,3.19,0,Moderate
2026-04-07,2.1739130434782608,3.0,2.0,20.315652173913044,28.70695652173913,5.5947826086956525,68.85695652173914,293.88,3.643913043478261,4,Apr,Spring,2.6,3.12,0,Fair
2026-04-08,2.875,3.0,2.0,27.90416666666667,35.577083333333334,4.2025,79.18875,351.8254166666666,2.0395833333333333,4,Apr,Spring,2.61,3.05,0,Moderate
2026-04-09,3.0416666666666665,4.0,3.0,33.06333333333333,44.66083333333333,5.078333333333333,81.00833333333334,435.9683333333333,2.6008333333333336,4,Apr,Spring,2.68,3.01,0,Moderate
2026-04-10,3.2083333333333335,4.0,2.0,29.987916666666667,47.035,4.993333333333333,101.44666666666667,411.05958333333336,4.6775,4,Apr,Spring,2.84,2.97,0,Moderate
2026-04-11,2.5833333333333335,3.0,2.0,19.97,34.99166666666667,3.702083333333333,97.23166666666667,316.1475,2.3454166666666665,4,Apr,Spring,2.85,2.93,0,Moderate
2026-04-12,2.9583333333333335,4.0,2.0,22.927083333333332,36.98083333333333,4.744166666666667,91.92750000000001,400.4666666666667,3.0058333333333334,4,Apr,Spring,2.83,2.92,0,Moderate
2026-04-13,3.1666666666666665,4.0,2.0,26.30458333333333,44.85,5.619166666666666,93.94875,411.55708333333337,3.109583333333333,4,Apr,Spring,2.86,2.91,0,Moderate
2026-04-14,3.2916666666666665,4.0,3.0,31.125,54.513749999999995,6.1000000000000005,103.24708333333332,422.74458333333337,4.233333333333333,4,Apr,Spring,3.02,2.92,0,Moderate
2026-04-15,3.125,4.0,2.0,34.48458333333333,63.87083333333334,7.748333333333334,81.69166666666668,480.12166666666667,3.7862500000000003,4,Apr,Spring,3.05,2.94,0,Moderate
2026-04-16,3.0416666666666665,4.0,3.0,35.61083333333333,75.00125,8.482083333333334,80.65958333333333,432.26875,5.3029166666666665,4,Apr,Spring,3.05,2.93,0,Moderate
2026-04-17,3.2083333333333335,4.0,3.0,34.437916666666666,64.24708333333334,6.565416666666667,95.35000000000001,338.38375,4.8925,4,Apr,Spring,3.05,2.92,0,Moderate
2026-04-18,3.0416666666666665,4.0,2.0,31.589166666666667,58.331250000000004,5.390416666666667,94.81083333333333,319.88875,3.3191666666666664,4,Apr,Spring,3.12,2.9,0,Moderate
2026-04-19,2.7083333333333335,3.0,2.0,24.69666666666667,44.585,4.570833333333334,85.94,312.08875,3.0854166666666667,4,Apr,Spring,3.08,2.88,0,Moderate
2026-04-20,3.0833333333333335,4.0,3.0,30.754166666666666,73.46666666666667,6.93875,85.07833333333333,390.4979166666667,3.4304166666666664,4,Apr,Spring,3.07,2.89,0,Moderate
2026-04-21,3.0416666666666665,4.0,3.0,32.07666666666667,79.39333333333333,7.066666666666666,80.84958333333334,413.21333333333337,2.995416666666667,4,Apr,Spring,3.04,2.89,0,Moderate
2026-04-22,3.75,4.0,3.0,47.29583333333333,115.67375,8.5675,85.86291666666666,452.0783333333333,3.7604166666666665,4,Apr,Spring,3.12,2.93,0,Poor
2026-04-23,3.6666666666666665,5.0,3.0,51.21458333333334,116.23416666666667,7.589166666666667,80.045,459.89916666666664,3.3220833333333335,4,Apr,Spring,3.21,2.95,0,Poor
2026-04-24,2.8333333333333335,5.0,2.0,30.33375,56.11291666666667,5.53875,87.88958333333333,364.3633333333333,2.995416666666667,4,Apr,Spring,3.16,2.94,0,Moderate
2026-04-25,2.7916666666666665,3.0,2.0,23.444999999999997,51.425000000000004,6.198333333333333,70.85291666666667,335.89500000000004,3.32375,4,Apr,Spring,3.12,2.94,0,Moderate
2026-04-26,3.0,3.0,3.0,30.672000000000004,62.16799999999999,9.632,38.072,581.22,2.9200000000000004,4,Apr,Spring,3.17,2.95,0,Moderate
